-- MySQL dump 10.13  Distrib 5.7.25, for linux-glibc2.12 (x86_64)
--
-- Host: localhost    Database: minmeng_ui
-- ------------------------------------------------------
-- Server version	5.7.25

/*!40101 SET @OLD_CHARACTER_SET_CLIENT=@@CHARACTER_SET_CLIENT */;
/*!40101 SET @OLD_CHARACTER_SET_RESULTS=@@CHARACTER_SET_RESULTS */;
/*!40101 SET @OLD_COLLATION_CONNECTION=@@COLLATION_CONNECTION */;
/*!40101 SET NAMES utf8 */;
/*!40103 SET @OLD_TIME_ZONE=@@TIME_ZONE */;
/*!40103 SET TIME_ZONE='+00:00' */;
/*!40014 SET @OLD_UNIQUE_CHECKS=@@UNIQUE_CHECKS, UNIQUE_CHECKS=0 */;
/*!40014 SET @OLD_FOREIGN_KEY_CHECKS=@@FOREIGN_KEY_CHECKS, FOREIGN_KEY_CHECKS=0 */;
/*!40101 SET @OLD_SQL_MODE=@@SQL_MODE, SQL_MODE='NO_AUTO_VALUE_ON_ZERO' */;
/*!40111 SET @OLD_SQL_NOTES=@@SQL_NOTES, SQL_NOTES=0 */;

--
-- Table structure for table `navs`
--

DROP TABLE IF EXISTS `navs`;
/*!40101 SET @saved_cs_client     = @@character_set_client */;
/*!40101 SET character_set_client = utf8 */;
CREATE TABLE `navs` (
  `id` varchar(32) NOT NULL,
  `name` varchar(64) NOT NULL COMMENT '名称',
  `alias` varchar(64) DEFAULT NULL COMMENT '别名',
  `link` varchar(255) NOT NULL COMMENT '链接地址',
  `nav_type` varchar(2) NOT NULL DEFAULT '1' COMMENT '导航类型：1:文本导航，2：关联分类',
  `cat_id` varchar(32) DEFAULT NULL COMMENT '关联分类ID,可以为空',
  `sub_depth` int(11) NOT NULL DEFAULT '0' COMMENT '子导航深度，深度的显示决定于栏目分类下级分类深度',
  `sorter` int(11) NOT NULL DEFAULT '99' COMMENT '排序',
  `status` char(2) NOT NULL DEFAULT '1' COMMENT '状态:1:启用,0:未启用',
  `create_time` datetime NOT NULL COMMENT '发布时间',
  `update_time` datetime NOT NULL COMMENT '修改时间',
  PRIMARY KEY (`id`)
) ENGINE=InnoDB DEFAULT CHARSET=utf8;
/*!40101 SET character_set_client = @saved_cs_client */;

--
-- Dumping data for table `navs`
--

LOCK TABLES `navs` WRITE;
/*!40000 ALTER TABLE `navs` DISABLE KEYS */;
INSERT INTO `navs` VALUES ('201901281155454899','地方盟务',NULL,'/c/dfmw','2','201901281301492444',8,2,'1','2019-01-28 11:55:52','2019-01-28 11:55:52'),('201901281155536972','自身建设',NULL,'/c/zsjs','2','201901281135209206',2,3,'1','2019-01-28 11:55:59','2019-01-28 11:55:59'),('201901281305369242','参政议政','参政议政','/c/czyz','2','201901281739296542',0,4,'1','2019-01-28 13:05:44','2019-01-28 13:05:44'),('201901281305456089','社会服务',NULL,'/c/shfw','2','201901281126523605',0,5,'1','2019-01-28 13:05:55','2019-01-28 13:05:55'),('201901281305551687','基层动态',NULL,'/c/jcdt','2','201901271334151096',3,6,'1','2019-01-28 13:06:05','2019-01-28 13:06:05'),('201901281306065062','盟员风采',NULL,'/c/myfc','2','201901281259013421',2,7,'1','2019-01-28 13:06:20','2019-01-28 13:06:20'),('201901281306218339','年度重点',NULL,'/c/ndzd','2','201901281258415849',3,8,'1','2019-01-28 13:06:29','2019-01-28 13:06:29'),('201901281306307890','学习园地',NULL,'/c/xxyd','2','201901281258263730',2,10,'1','2019-01-28 13:06:40','2019-01-28 13:06:40'),('201901281810488538','盟务要闻',NULL,'/c/mwyw','2','201901281133158053',0,2,'1','2019-01-28 18:11:00','2019-01-28 18:11:00'),('201902141102088795','资料下载',NULL,'/c/zlxz','2','201902141100432544',0,99,'1','2019-02-14 11:02:23','2019-02-14 11:02:23');
/*!40000 ALTER TABLE `navs` ENABLE KEYS */;
UNLOCK TABLES;

--
-- Table structure for table `page_views`
--

DROP TABLE IF EXISTS `page_views`;
/*!40101 SET @saved_cs_client     = @@character_set_client */;
/*!40101 SET character_set_client = utf8 */;
CREATE TABLE `page_views` (
  `id` varchar(32) NOT NULL,
  `page_id` varchar(32) NOT NULL COMMENT '页面ID',
  `view_id` varchar(32) NOT NULL COMMENT '控件ID',
  `sorter` int(11) NOT NULL DEFAULT '99' COMMENT '排序',
  `status` char(2) NOT NULL DEFAULT '1' COMMENT '状态:1:启用,0:未启用',
  `create_time` datetime NOT NULL COMMENT '发布时间',
  `update_time` datetime NOT NULL COMMENT '修改时间',
  PRIMARY KEY (`id`),
  KEY `view_id` (`view_id`),
  CONSTRAINT `page_views_ibfk_1` FOREIGN KEY (`view_id`) REFERENCES `views` (`id`) ON DELETE CASCADE ON UPDATE CASCADE
) ENGINE=InnoDB DEFAULT CHARSET=utf8;
/*!40101 SET character_set_client = @saved_cs_client */;

--
-- Dumping data for table `page_views`
--

LOCK TABLES `page_views` WRITE;
/*!40000 ALTER TABLE `page_views` DISABLE KEYS */;
INSERT INTO `page_views` VALUES ('201901280928053335','20150522001','201901280905406018',1,'1','2019-01-28 09:28:05','2019-01-28 09:28:05'),('201901280928128152','20150522001','201901280907403820',2,'1','2019-01-28 09:28:12','2019-01-28 09:28:12'),('201901280928175706','20150522001','201901280908254960',3,'1','2019-01-28 09:28:17','2019-03-21 16:56:58'),('201901280928237071','20150522001','201901280910434654',4,'1','2019-01-28 09:28:23','2019-01-28 09:28:23'),('201901280928318340','20150522001','201901280914276342',5,'1','2019-01-28 09:28:31','2019-01-28 09:28:31'),('201901280928408375','20150522001','201901280915221535',6,'1','2019-01-28 09:28:40','2019-01-28 09:28:40'),('201901280928476592','20150522001','201901271220107341',7,'1','2019-01-28 09:28:47','2019-01-28 09:28:47'),('201901280928541704','20150522001','201901280918056510',8,'1','2019-01-28 09:28:54','2019-01-28 09:28:54'),('201901280929024957','20150522001','201901280918467529',9,'1','2019-01-28 09:29:02','2019-01-28 09:29:02'),('201901280929082320','20150522001','201901280919327415',10,'1','2019-01-28 09:29:08','2019-01-28 09:29:08');
/*!40000 ALTER TABLE `page_views` ENABLE KEYS */;
UNLOCK TABLES;

--
-- Table structure for table `pages`
--

DROP TABLE IF EXISTS `pages`;
/*!40101 SET @saved_cs_client     = @@character_set_client */;
/*!40101 SET character_set_client = utf8 */;
CREATE TABLE `pages` (
  `id` varchar(32) NOT NULL,
  `name` varchar(32) DEFAULT NULL COMMENT '页面：index：首页',
  `title` varchar(255) DEFAULT NULL COMMENT '标题',
  `keywords` varchar(255) DEFAULT NULL COMMENT '页面关键字',
  `descri` varchar(255) DEFAULT NULL COMMENT '页面说明',
  `create_time` datetime NOT NULL COMMENT '发布时间',
  `update_time` datetime NOT NULL COMMENT '修改时间',
  PRIMARY KEY (`id`)
) ENGINE=InnoDB DEFAULT CHARSET=utf8;
/*!40101 SET character_set_client = @saved_cs_client */;

--
-- Dumping data for table `pages`
--

LOCK TABLES `pages` WRITE;
/*!40000 ALTER TABLE `pages` DISABLE KEYS */;
INSERT INTO `pages` VALUES ('20150522001','index','贵州民盟','关键词','描述','2019-01-28 15:02:31','2019-01-28 15:02:31'),('20150522002','list','标题','关键词','描述','2018-12-18 00:00:00','2018-12-18 00:00:00'),('20150522003','info','标题','关键词','描述','2018-12-18 00:00:00','2018-12-18 00:00:00');
/*!40000 ALTER TABLE `pages` ENABLE KEYS */;
UNLOCK TABLES;

--
-- Table structure for table `view_items`
--

DROP TABLE IF EXISTS `view_items`;
/*!40101 SET @saved_cs_client     = @@character_set_client */;
/*!40101 SET character_set_client = utf8 */;
CREATE TABLE `view_items` (
  `id` varchar(32) NOT NULL,
  `cat_id` varchar(32) DEFAULT NULL COMMENT '分类ID',
  `view_id` varchar(32) NOT NULL COMMENT '组件ID',
  `content` text COMMENT '文本内容',
  `link` varchar(255) DEFAULT NULL COMMENT '链接地址',
  `image` varchar(255) DEFAULT NULL COMMENT '图片',
  `target` varchar(32) DEFAULT '_blank' COMMENT '打开目标',
  `create_time` datetime NOT NULL COMMENT '发布时间',
  `update_time` datetime NOT NULL COMMENT '修改时间',
  `effect_time` datetime DEFAULT NULL COMMENT '生效时间',
  `expire_time` datetime DEFAULT NULL COMMENT '过期时间',
  `is_ad` tinyint(1) NOT NULL COMMENT '是否为广告,0：否，1:是',
  `price` double(11,2) DEFAULT NULL COMMENT '广告价格',
  `sorter` int(11) NOT NULL DEFAULT '99' COMMENT '排序',
  `status` char(2) NOT NULL DEFAULT '1' COMMENT '状态:1:启用,0:未启用',
  PRIMARY KEY (`id`),
  KEY `view_id` (`view_id`),
  CONSTRAINT `view_items_ibfk_1` FOREIGN KEY (`view_id`) REFERENCES `views` (`id`) ON DELETE CASCADE ON UPDATE CASCADE
) ENGINE=InnoDB DEFAULT CHARSET=utf8;
/*!40101 SET character_set_client = @saved_cs_client */;

--
-- Dumping data for table `view_items`
--

LOCK TABLES `view_items` WRITE;
/*!40000 ALTER TABLE `view_items` DISABLE KEYS */;
INSERT INTO `view_items` VALUES ('201901281155324865','201901281148584199','201901280910434654','','',NULL,'','2019-01-28 11:55:38','2019-01-28 12:04:03','2019-01-28 11:55:38','2019-01-28 11:55:38',0,0.00,1,'1'),('201901281201564814','201901281133158053','201901280905406018','','',NULL,'','2019-01-28 12:02:01','2019-01-28 12:02:01','2019-01-28 12:02:01','2019-01-28 12:02:01',0,0.00,1,'1'),('201901281203484457','201901281154468862','201901280910434654','','',NULL,'','2019-01-28 12:03:53','2019-01-28 12:03:56','2019-01-28 12:03:53','2019-01-28 12:03:53',0,0.00,2,'1'),('201901281257195856','201901281204155229','201901280910434654','','',NULL,'','2019-01-28 12:57:26','2019-01-28 12:57:26','2019-01-28 12:57:26','2019-01-28 12:57:26',0,0.00,3,'1'),('201901281257287871','201901281256458651','201901280910434654','','',NULL,'','2019-01-28 12:57:35','2019-01-28 12:57:35','2019-01-28 12:57:35','2019-01-28 12:57:35',0,0.00,4,'1'),('201901281259327092','201901281259416783','201901280907403820','','',NULL,'','2019-01-28 12:59:58','2019-01-28 12:59:58','2019-01-28 12:59:58','2019-01-28 12:59:58',0,0.00,99,'1'),('201901281300095161',NULL,'201901280908254960','','/c/xxlh','attaches/image/20190321/201903211704044462.png','_blank','2019-01-28 13:00:21','2019-03-22 17:29:53','2019-01-28 13:00:21','2019-01-28 13:00:21',0,0.00,99,'1'),('201901281300426510','201901281739296542','201901280914276342','','',NULL,'','2019-01-28 13:00:45','2019-01-31 11:28:17','2019-01-28 13:00:45','2019-01-28 13:00:45',0,0.00,99,'1'),('201901281300534897','201901281126523605','201901280915221535','','',NULL,'','2019-01-28 13:01:01','2019-01-28 13:01:01','2019-01-28 13:01:01','2019-01-28 13:01:01',0,0.00,99,'1'),('201901281307544494','201901281307135465','201901280918056510','','',NULL,'','2019-01-28 13:08:01','2019-01-28 13:08:01','2019-01-28 13:08:01','2019-01-28 13:08:01',0,0.00,2,'1'),('201901281308138810','201901281306501322','201901280918056510','','',NULL,'','2019-01-28 13:08:42','2019-01-31 17:04:40','2019-01-28 13:08:42','2019-01-28 13:08:42',0,0.00,3,'1'),('201901281308551832','201902151040084015','201901280918467529','','',NULL,'','2019-01-28 13:08:58','2019-02-15 15:19:33','2019-01-28 13:08:58','2019-01-28 13:08:58',0,0.00,99,'1'),('201901281309055791','201901281303545733','201901280919327415','','',NULL,'','2019-01-28 13:09:12','2019-01-28 13:09:12','2019-01-28 13:09:12','2019-01-28 13:09:12',0,0.00,1,'1'),('201901281309146758','201901281304073092','201901280919327415','','',NULL,'','2019-01-28 13:09:20','2019-01-28 13:09:20','2019-01-28 13:09:20','2019-01-28 13:09:20',0,0.00,2,'1'),('201901281309274900','201901281301345980','201901271220107341','','',NULL,'','2019-01-28 13:09:34','2019-01-28 13:09:34','2019-01-28 13:09:34','2019-01-28 13:09:34',0,0.00,1,'1'),('201901281309358609','201901281301492444','201901271220107341','','',NULL,'','2019-01-28 13:09:48','2019-02-15 15:26:45','2019-01-28 13:09:48','2019-01-28 13:09:48',0,0.00,2,'1'),('201901281346536538',NULL,'201901280917159734','民盟<br />\r\n贵阳市委','/c/gys','attaches/image/20190128/201901281415003515.png','','2019-01-28 13:47:36','2019-02-15 17:30:18','2019-01-28 13:47:36','2019-01-28 13:47:36',0,0.00,99,'1'),('201901281349118908',NULL,'201901280917159734','民盟<br />\r\n遵义市委','/c/zys','attaches/image/20190128/201901281415343445.png','_blank','2019-01-28 13:49:57','2019-02-15 17:31:04','2019-01-28 13:49:57','2019-01-28 13:49:57',0,0.00,99,'1'),('201901281349582454',NULL,'201901280917159734','民盟<br />\r\n安顺市委','/c/ass','attaches/image/20190128/201901281416172082.png','','2019-01-28 13:50:35','2019-02-15 17:31:19','2019-01-28 13:50:35','2019-01-28 13:50:35',0,0.00,99,'1'),('201901281350361750',NULL,'201901280917159734','民盟<br />\r\n六盘水市委','/c/lpss','attaches/image/20190128/201901281416328466.png','','2019-01-28 13:51:05','2019-02-15 17:31:31','2019-01-28 13:51:05','2019-01-28 13:51:05',0,0.00,99,'1'),('201901281351067788',NULL,'201901280917159734','民盟<br />\r\n黔西南州委','/c/qxn','attaches/image/20190128/201901281416412775.png','','2019-01-28 13:51:44','2019-02-15 17:31:40','2019-01-28 13:51:44','2019-01-28 13:51:44',0,0.00,99,'1'),('201901281351451190',NULL,'201901280917159734','民盟<br />\r\n毕节市委','/c/bjs','attaches/image/20190128/201901281416508773.png','','2019-01-28 13:52:20','2019-02-15 17:31:50','2019-01-28 13:52:20','2019-01-28 13:52:20',0,0.00,99,'1'),('201901281352211616',NULL,'201901280917159734','民盟<br />\r\n黔东南工委','/c/qdn','attaches/image/20190128/201901281417088883.png','','2019-01-28 13:52:49','2019-02-15 17:32:00','2019-01-28 13:52:49','2019-01-28 13:52:49',0,0.00,99,'1'),('201901281352518778',NULL,'201901280917159734','民盟<br />\r\n黔南州工委','/c/qnz','attaches/image/20190128/201901281417166177.png','','2019-01-28 13:53:19','2019-02-15 17:32:10','2019-01-28 13:53:19','2019-01-28 13:53:19',0,0.00,99,'1'),('201902151450479276','201902141100432544','201901280918056510','','',NULL,'','2019-02-15 14:51:47','2019-02-15 14:51:47','2019-02-15 14:51:47','2019-02-15 14:51:47',0,0.00,99,'1');
/*!40000 ALTER TABLE `view_items` ENABLE KEYS */;
UNLOCK TABLES;

--
-- Table structure for table `views`
--

DROP TABLE IF EXISTS `views`;
/*!40101 SET @saved_cs_client     = @@character_set_client */;
/*!40101 SET character_set_client = utf8 */;
CREATE TABLE `views` (
  `id` varchar(32) NOT NULL,
  `name` varchar(32) NOT NULL COMMENT '识别名称',
  `mode` varchar(255) DEFAULT NULL COMMENT '类型：0:容器，1：关联分类，2：自定义内容',
  `style` varchar(255) DEFAULT NULL COMMENT '样式',
  `max_items` int(11) NOT NULL DEFAULT '8' COMMENT '最大条目数',
  `link` varchar(255) DEFAULT '' COMMENT '链接地址',
  `parent_id` varchar(32) DEFAULT NULL COMMENT '父层组件ID',
  `status` char(2) NOT NULL DEFAULT '1' COMMENT '状态:1:启用,0:未启用',
  `sorter` int(11) NOT NULL DEFAULT '99' COMMENT '排序',
  `out_mode` varchar(32) DEFAULT NULL COMMENT '当前控件为子控件时使用，输出的方式:before，在前面输出，after:在后面输出',
  `create_time` datetime NOT NULL COMMENT '发布时间',
  `update_time` datetime NOT NULL COMMENT '修改时间',
  PRIMARY KEY (`id`)
) ENGINE=InnoDB DEFAULT CHARSET=utf8;
/*!40101 SET character_set_client = @saved_cs_client */;

--
-- Dumping data for table `views`
--

LOCK TABLES `views` WRITE;
/*!40000 ALTER TABLE `views` DISABLE KEYS */;
INSERT INTO `views` VALUES ('201901271220107341','基层动态','1','textlist jcdt',5,NULL,NULL,'1',8,NULL,'2019-01-27 12:21:34','2019-01-28 13:24:21'),('201901280905406018','盟务要闻','1','thumbtextlist mwyw',6,NULL,NULL,'1',1,NULL,'2019-01-28 09:07:38','2019-01-28 09:27:18'),('201901280907403820','公示公告','1','textlist gsgg',3,NULL,NULL,'1',2,NULL,'2019-01-28 09:08:24','2019-01-28 09:27:25'),('201901280908254960','横幅广告','2','banner',1,'/c/tzl',NULL,'1',3,NULL,'2019-01-28 09:10:42','2019-03-21 17:04:59'),('201901280910434654','自身建设','1','textlist zsjs',4,NULL,NULL,'1',5,NULL,'2019-01-28 09:14:26','2019-01-28 09:27:38'),('201901280914276342','参政议政','1','textlist czyz',6,NULL,NULL,'1',6,NULL,'2019-01-28 09:15:21','2019-01-28 09:15:21'),('201901280915221535','社会服务','1','textlist shfw',6,NULL,NULL,'1',7,NULL,'2019-01-28 09:15:50','2019-01-28 09:15:50'),('201901280917159734','民盟联盟','2','sudoku',8,NULL,'201901271220107341','1',8,'after','2019-01-28 09:18:04','2019-04-26 11:38:03'),('201901280918056510','学习园地','1','textlist xxyd',1,NULL,NULL,'1',9,NULL,'2019-01-28 09:18:45','2019-01-28 09:18:45'),('201901280918467529','年度重点','1','textlist ndzd',6,'/c/tzl',NULL,'1',10,NULL,'2019-01-28 09:19:31','2019-02-18 10:59:33'),('201901280919327415','盟员风采','1','thumblist myfc',6,NULL,NULL,'1',12,NULL,'2019-01-28 09:19:56','2019-01-28 09:19:56');
/*!40000 ALTER TABLE `views` ENABLE KEYS */;
UNLOCK TABLES;
/*!40103 SET TIME_ZONE=@OLD_TIME_ZONE */;

/*!40101 SET SQL_MODE=@OLD_SQL_MODE */;
/*!40014 SET FOREIGN_KEY_CHECKS=@OLD_FOREIGN_KEY_CHECKS */;
/*!40014 SET UNIQUE_CHECKS=@OLD_UNIQUE_CHECKS */;
/*!40101 SET CHARACTER_SET_CLIENT=@OLD_CHARACTER_SET_CLIENT */;
/*!40101 SET CHARACTER_SET_RESULTS=@OLD_CHARACTER_SET_RESULTS */;
/*!40101 SET COLLATION_CONNECTION=@OLD_COLLATION_CONNECTION */;
/*!40111 SET SQL_NOTES=@OLD_SQL_NOTES */;

-- Dump completed on 2019-05-09 13:09:50
